#SampleID,Faith PD,Observed OTUs
595e93ed.e4b3.42b5.91b1.1ad4f31e7134,43.072041,1280.6
bd64992d.87cc.464f.9e1b.9c0156ed65d8,55.483458,1403.8
e7a2370c.f80c.4703.b2ee.10c65967e05f,55.450872000000004,1474.4
11f3f37a.3698.4031.8183.75f6f2c6c04c,50.284798,1298.8
fa2e9bcc.cc53.4b83.ad1e.a308375854f5,33.395722,925.7
44ef59fb.3279.46dc.a113.c762aa889eb5,55.838579,1418.4
21a4ec1a.bcae.4e10.be82.66328d2dad4f,47.981702,1212.8
b1e40907.45fc.4d81.ad81.c58ed3d91e1f,25.177777,842.4
c784e063.e586.43cb.a602.9f2e2ae420d1,50.54584,1254.8
cc52726a.bed3.4840.a146.2a4c58978b89,55.134943,1397.3
104e5902.1c3e.417f.bb22.124bfca61a61,51.021397,1331.4
7c66ff62.02e7.458d.a55d.8d07d15a9315,52.857231999999996,1353.5
0bb5e24a.aa34.48e7.b1f9.e761ac2dc6b4,50.443951,1298.2
b447da2d.f44f.4ced.ab9e.b560736484fb,57.343199000000006,1424.5
60345a80.4df2.4a0b.b7af.e2370c607aec,55.677026999999995,1454.5
4019255d.d4a7.4178.98c6.aaed75378852,44.741192999999996,1269.6
399ee668.fc0f.4632.a48c.9d9025b608aa,31.048878000000002,773.8
aef9e193.1f8c.429e.bfdf.38bb59235e7d,31.389897,786.6
16c74b52.93fa.4c42.b373.52b1c54a8997,56.211698,1499.6
2c8092fd.b468.4d23.920a.54b21ec64034,47.295736999999995,1102.4
a72194e4.2726.44c7.9037.7ee87111aa0e,57.862742000000004,1547.1
c61b44a5.ae92.4202.9d0c.b4507197e456,34.70733,910.0
59d06f37.995b.40a5.91a8.c825d1a7ca6f,46.164722999999995,1253.2
8cbe736d.b553.450d.af3c.d5ad08863390,47.303769,1261.2
124dc1db.9029.41c6.afff.b73a692e19b1,53.19268999999999,1434.2
1fe57dd4.58b3.4fde.b8a1.f73db5614909,37.062966,1105.4
101c02ce.4f8d.4394.83a3.0c406831d934,47.18864,1323.0
8c4ae03d.dd8c.44ec.8336.15e0b031d97f,46.781200999999996,1235.5
e6dcb4be.68c0.473f.a9cb.412345eeb749,30.332984,663.4
633bc9a7.b25f.475a.9bd3.858212b39d7d,34.96163299999999,923.4
d7c251b8.15e9.4266.bcd8.6e6c6a453c11,40.714414999999995,1062.1
65ba3877.ad29.4afc.aaec.bcf3544f5f75,52.880453,1387.1
72a8ae87.94ea.41e3.b43c.b5337f6a0548,38.613393,879.6
35a8aef7.4bb0.4cab.bc0e.3576bb706571,43.86301,1071.5
df4b001a.f4cd.4b71.8ebe.a68b8df2cb80,49.592628000000005,1275.9
14c94c5e.aaf2.414f.a72f.74ccc134b294,50.46007899999999,1312.8
d84dbc6b.0986.466a.abd3.3a5ac4fb4d52,49.828896,1260.8
3a65e2c1.78af.425e.9569.de2370109769,36.788168999999996,1125.9
d8b73c7f.8386.436a.925f.66ac0c32f76f,29.570169999999997,816.8
98d36350.175c.439b.a534.27de6e5783ad,45.019363999999996,1284.1
683047f6.fe17.477f.9950.a6190ca34054,62.245779000000006,1553.0
7e1f1b3f.4575.458c.9f42.287d03499e25,60.862053,1610.3
873473f6.eef2.4718.b5f4.e88757055760,58.45206099999999,1506.9
11c4be47.fdce.4135.8acf.0894f2da5ede,41.065197,912.3
212f0ce6.9123.4e38.abf3.db944de7f1c1,37.643572,918.2
d6223d2e.0d62.4658.8eec.ccc9d4ee86a3,57.977036,1585.3
b49ad14d.07c8.454d.82ec.c6fb9c7bcc36,27.233241,827.1
11c70d46.e0a4.4797.ad7b.3677fe93d73b,30.373667,758.1
c8b831af.2e3c.4aaa.83cf.b66c3016e0f3,55.142818,1328.4
ec91140e.0862.4ece.bb4a.d114f4c42bdb,54.30333,1326.5
e94edb86.8fe0.42b8.a255.c48d4551405b,41.134665,981.2
fae97eb5.3264.4211.8ea3.823f547a6f0c,45.840724,1091.7
e4485061.924a.4f09.9d7e.bfefc780d1a8,31.039427,819.8
2a1b28ba.f47e.44b6.bfd7.d3e41e762db3,41.53747,977.2
9ae6a37c.be4b.4ce6.afce.7bb6ab13e531,45.898061,1249.4
cfe0d2d7.c78b.4092.b923.3322b4312c6d,62.405961000000005,1548.7
b47145a4.9ef2.445b.8573.b05dfc43ff67,52.020397,1308.7
a966c278.f81d.44a6.b1df.fff6dbcdf793,34.336265000000004,861.7
90120dc2.ad2e.4916.a660.633ba4b6a7b8,57.537757,1506.6
c1a66804.c565.448a.8371.0c8e386f4969,52.89715700000001,1366.1
558a13e5.f4a8.47bc.a63e.47d6dffe528b,57.239265,1433.5
d623471b.5a0c.4291.a780.2ae6532752a9,59.46046900000001,1553.0
35ace8e4.0b62.44c7.a9a3.1e16d45ed772,58.014505,1547.0
55b26af1.31a6.4606.8b99.bf415a009311,55.446951999999996,1315.2
20aa4aaf.8242.48d9.a225.e9f6b3e8938c,16.521092,681.8
17f96e8a.dc68.4aef.98db.8aaaab702e33,49.51311,1271.6
61c3930c.61c4.4c82.8475.7a10ccaeb71c,47.598839,1093.6
ac7d2af0.9c75.4a32.bb2b.e79380ab8c61,51.30301000000001,1297.1
b612f67e.eea8.4e03.81b7.034dbfc44669,57.946446,1435.5
36b313f7.8a44.4bdc.8034.82260a83d7b9,62.285356,1600.4
6ecca0ea.049c.41ec.b324.404e504d44c0,54.266647,1310.2
50f400f5.8e55.420b.9a63.4623a5900017,59.78396,1500.4
9b00e3b8.869c.4664.ad85.4428c7adf122,64.16148999999999,1741.6
4bc0ba2c.6eed.4c5d.9838.1ce36b0c1874,57.579344000000006,1438.7
78fead56.47d0.4cfa.be19.a356d5f38653,52.217753,1420.1
9000e59e.4bd6.41a5.bd6d.1fa5e71a8f54,49.990337000000004,1283.8
4d462fad.5f32.4b6f.8046.1c510247ee5e,58.145354,1641.1
fe826a14.1ed8.4d19.b14d.2233b960e1bc,55.970749,1427.0
98c66ce0.1f4c.422c.86e9.3561ea63b612,46.662844,1265.4
40112074.09e5.42b1.b332.17c9b89686e5,54.89666999999999,1380.3
ea89c98c.42eb.484a.aed3.33711e20a6fe,61.388567,1515.1
e5574c01.3027.458d.8f96.d68b66aae40b,44.74964000000001,1144.7
884e1ddb.8d8b.45cf.8dba.16387520872c,51.008486000000005,1238.1
dfc347e3.eed7.4592.95eb.374724230326,35.014828,984.4
4b9ad407.fc2f.4463.bccc.0cf3a28d05f6,55.20590000000001,1350.2
c18a0367.8148.4450.bf5a.507b6fe30c73,53.460706,1341.9
15129220.6eda.44ad.9511.be0f6e027f5d,54.568831,1290.1
183645ce.cacd.4744.8440.de4eb377dfea,57.30064500000001,1461.1
37f1087f.ae31.4fde.b96b.4b6c1d61351e,58.052971,1332.7
a6108908.5ef9.47ef.8f57.b055bc6ee7aa,50.136008999999994,1150.8
a4aa5c1f.05ae.4f0e.a0b8.441e2307642b,66.380573,1694.1
cfc37a70.9ba6.4d25.b541.4c0ff9d1bfeb,64.605645,1658.8
942d530f.499d.4ec7.a5c5.b473b46de9dd,42.256301,1165.3
fc3b9d18.32d6.4dda.ad70.cf9545e13512,34.779376,1128.1
2810ac58.4851.4789.a792.12f0eed210b2,,
1ad581dc.f690.4522.bcfa.2ac1392f1835,43.491637000000004,1192.5
3da00df1.0c79.4428.af4e.b70c506e5613,38.773691,1336.4
d256d51b.02ce.450b.8447.f9dc7e949072,60.18574900000001,1617.3
4b7fc783.1008.43aa.9325.896e2e370dee,57.12378299999999,1446.2
eb598d02.406f.4ac6.93bd.1d3b8d5682ac,61.83439400000001,1585.0
f96e60e7.00cd.437f.a8b7.2a57a381c89d,50.123183,1289.0
4545f13f.f648.4efe.99af.4492baa200fe,59.493956000000004,1463.8
38b26517.9a99.4774.bb19.9cf6ea8d8f06,52.749230999999995,1318.9
a0c64abc.8829.430e.8bf2.8f2674d435ae,57.88268000000001,1293.4
9ad2ea88.f0eb.435c.976d.416ebbfcd1b4,20.655569999999997,637.3
1ed80b53.bd2a.49e4.ad5b.0f4ec6228e81,43.74555399999999,1189.0
53a10dbe.f8cf.4e5c.9164.13e3e4187029,46.520588999999994,1178.7
15d8ed7d.7d90.4fee.9874.a30e5a6e2ec8,48.834149000000004,1139.3
2150ea11.62a6.494e.9c83.3583cce1fb94,49.986852999999996,1184.5
82a93877.b6c0.47cb.b4e5.990dbef0395c,50.16120600000001,1202.1
813e04bb.5ec0.48e2.948f.d7a41341772d,41.519355,1433.2
9ce7575e.ced6.4a0d.b97e.c66616c88598,60.928839,1620.7
f85b77cf.7fb3.4f19.a223.8da7aa6e03d0,57.387026000000006,1432.0
ee5dae47.dbf6.4a49.ad52.47a805338b4e,44.136354,1157.1
85211605.2ea8.4e08.8b40.c23cdc2b0ef4,52.025535000000005,1274.0
4f5ef0fe.4365.4675.94d2.dd9144222614,,
abf9d6dd.ee85.4848.8d1a.47d8d55bef35,,
add815f6.3d1f.4d75.bc58.21f39d2f403a,60.297632,1428.4
b459a90c.b409.433b.974b.0d8b235238ef,48.036923,1265.0
4914da77.0946.4aa8.9a2c.84b65017dca8,48.707007999999995,1287.1
b7042548.539f.4c06.93da.e5a19eddc686,38.50861400000001,1154.6
eda34f8e.ddec.427c.86f1.2a458ef4f7a5,44.396685000000005,1202.3
c27fbf59.c359.4773.9236.d23daff0faef,42.220994,1193.8
d056b75a.5ff8.4db3.9991.4cc8566d7528,52.12321899999999,1261.4
66c64e22.7b83.4740.bf41.aa1553f24091,58.452380000000005,1511.6
180f9254.809c.4c9d.b741.e87498d4c2c9,43.238671999999994,1126.6
a4fc33a8.d190.4626.80dd.ee1b58cdca73,53.150661,1380.2
d72e5ca8.37f5.4358.8cc1.6710355d9cab,46.407654,1232.6
6e1c0019.205f.4d31.bc90.2e949a2da40c,16.922612,563.0
f79f9c0a.5967.44cd.b977.d7ae1469f89d,44.438108,1215.3
23796d38.9519.4a3a.9149.55190285af7b,26.637067000000002,778.2
e2b39ff4.cdad.4cf0.b946.7dedac7c4a98,47.082577,1346.6
5d6c8197.eeb5.43a6.aa26.8cb87f5cf622,48.245891,1252.4
b6e1ea70.86f4.401b.8690.8cec59b847b5,51.345649,1399.2
82d7cb16.3ce6.4f64.9e00.3c8ba7b5d89a,51.869915000000006,1489.9
0dc46d75.4646.4d47.ab42.cc127481ec0e,45.987203,1221.4
0ec75303.6a6a.4ad9.aa50.f98525d9e3f0,14.384240999999998,461.0
75e9a7e3.f4ae.4643.9d94.d45401ce47eb,14.67149,487.2
61466b3d.99c0.4d59.bae9.0d65611d2a4e,51.664953000000004,1484.6
caae16e0.ecc1.43f2.bc7a.47f85552f673,40.837861,899.1
d2c8fd19.325c.47f8.890e.aaefa5dd8936,46.87196,1259.2
037cb074.f7e6.4eb3.91c2.51f7c791de2a,47.167806,1331.4
4850d248.27f6.49ce.af98.44c618f0e386,54.60624,1611.0
df0fa55d.c268.48f3.8ae9.2e52a808124f,,
0a75af43.917b.4ba4.bd50.0607a68a587b,41.675914999999996,1220.5
3263647b.bc7d.4256.940c.fcea00129687,59.588632999999994,1547.5
11d9c298.6eab.4b6b.9665.1dba120f03b2,57.309235,1486.0
35a3fb02.a90d.4977.b69e.7fe338ad120d,57.372067,1449.0
a9c28d5b.ef74.4397.9c27.94b6f3de5a83,55.267488,1457.7
103e4419.d712.46e0.95db.3b7bdab449a7,16.793025000000004,593.1
a5d38774.f798.4401.ae44.d8efbc0e4ef9,55.016918999999994,1272.9
08fb8b2c.2152.4c58.b04c.ce6e1502b9c4,63.213134000000004,1664.9
8829897e.3fc1.49d8.b4f4.d241b10a0e5d,63.437779,1528.0
0c3cf073.b655.4073.ac7f.bcff02f48e23,64.82582,1580.7
675f55b4.fc67.4198.820e.aee72e7dcbe2,58.503653,1517.6
9b013a58.a707.49ec.913c.fc7b4f13bec5,44.095096,1323.7
4a06dba1.77c7.4197.942f.0c8da8b1ab8c,46.825357000000004,1380.1
4985e68e.e764.43e4.ba6d.c9135cb59802,53.053509000000005,1312.8
097aca46.4d88.4858.9076.a82c0ce1d29b,57.466198999999996,1461.8
0ed823be.aab6.40bc.810e.18b3ee3e572b,38.976384,1144.1
9be04e3a.a432.42ef.892d.ee025e4171ee,36.032629,873.1
89506e73.0c5f.43f5.ac8a.8bff26f468dd,53.21000499999999,1458.4
44bf8cf8.5259.48a2.986b.ce26356a1995,20.936958999999995,676.9
7c47fcf2.5787.42a5.87e2.836d5dfafa89,49.779435,1332.5
9b3e87a6.3041.4d90.be02.332c1b097988,49.860992,1151.8
9e92829f.cd7a.4950.8a1e.40da8411f5c2,41.919782000000005,1119.6
fb1c3cf6.9b51.46e8.8a75.4eb599c810d4,20.090143,532.8
d3470555.52b8.4482.8c60.42940884e396,44.257719,1136.4
2ada20cb.636b.4f43.9218.e821faee673e,41.402209,1041.8
9bcd5895.a696.438c.a053.d29869a6ff8e,44.45902500000001,1260.3
da66fe06.1e1c.4acf.97a1.3c71dbfae960,40.795136,1065.6
b2bcfdfa.1c67.4fcf.8703.7d4904975b92,27.547233,915.1
c6518a01.f32a.461c.8813.382135885297,31.700475,978.0
fa588c8f.129c.4d87.99a5.29048befe11b,58.034918000000005,1410.0
65fcbe4f.1f77.4216.95c1.9991e5f2499a,41.732603000000005,1073.5
d08dfd2b.1f98.47da.b9ee.fc7c8125b3a3,61.83563,1549.8
86fa2207.97bf.4dda.bfc2.25e1db76807e,65.57067099999999,1597.6
e34a1a0c.49ae.4299.a714.c7e11abc701a,51.661977,1272.6
4685baaf.fef4.4c2a.89ba.5f43d6e46354,50.877573,1103.4
1bf8a3f7.4718.473a.a4bf.3b0e18e64bd4,43.68931,986.2
6cf760eb.b260.4e70.9509.cccd05dfacb0,17.97123,751.3
e59470a5.392a.4306.a282.42a458b11e41,52.698578999999995,1341.4
bd488386.2a78.4667.ac0e.034c944e93d1,53.353724000000014,1405.9
bdd134b0.9128.4500.b05b.c91ad1d192be,43.979879999999994,1136.6
6dec9fe4.0f34.440a.879d.b5ca33e796af,64.437506,1643.1
30a32428.cc90.4c19.b56c.ca0e827639d7,50.376724,1104.7
32057335.5712.47e0.8307.e3f2f42b677d,59.376605,1345.5
4f0ccd7c.68ab.4442.88f1.5428d25c2bcf,61.817299000000006,1496.1
e213ef63.8092.482e.84bb.b40edb4735a0,45.662969,996.4
563e291f.d5b9.4d2f.afdf.ef2d7456eb62,46.99578,1237.8
5c7870bf.66e4.4024.861e.a586fe550a17,49.635537,1295.4
38cc97e0.b049.40ad.9115.572a0f1fa54b,62.57025,1543.0
7ee156e0.2353.47bd.b4d0.e6cb56bcd611,57.352404,1497.0
00cdbb86.acbd.429c.abe3.12f19990314a,44.623138000000004,1103.1
b5a7bdac.77d4.4360.a903.5f4f3034d85c,46.852584,1052.6
e5d3523e.90c0.4f31.9a49.07a700f1881e,52.3291,1404.0
9ed6ca18.aff3.4795.ab4a.1b7af3b839a9,20.0678,558.0
0d8cd22b.1b5e.4fe1.abe4.a53346e6f530,47.93625900000001,1368.6
cb49481b.aea0.4f5c.ac10.fb6ce4693b40,56.612318,1455.7
1193c5d0.fb53.406a.9626.bcdd00a82103,56.284575999999994,1423.1
f3ea62bc.f50d.4ac7.a815.36074436c859,52.991376,1326.8
a55678f2.b1d1.4678.a840.2cec63428885,46.726373,1257.0
ecee2194.7ea4.4b60.b500.5d1937515c14,50.350696,1320.5
10d8aff9.6fa1.4788.ac34.075f71d7e3c6,46.953109999999995,1203.3
8349ca0d.fceb.4200.bc96.3f39f2e37e48,45.488513999999995,1205.0
080a80a9.1fa8.4ba4.8c8c.460076f8256c,56.185803,1404.8
17e5ed55.ddbe.49ef.a31e.4c00c0265b11,50.82136,1257.3
fdd61056.c3a4.4533.bd6f.2f29a4ebf279,47.808846,1344.3
e48e002a.f4fd.46d4.982e.6fe0854cd48a,31.049366000000003,1012.1
bf33f337.90ba.4242.b35f.b1cc0b9a1ead,46.872496,1352.8
6e911df2.b54d.44a2.8fb8.1b6c1b9c3362,49.73749600000001,1358.0
bc440644.d581.479b.b1f7.c26cada13dbf,44.759170000000005,1184.7
4960a10c.b6cc.42a8.8fe6.6d7bcb6bbd69,61.82596299999999,1541.0
e70a5de6.3f61.48b5.9623.985b13d10e78,18.291967,708.9
1c63c66a.65e6.4d7e.a9af.34ae133db4ed,37.202162,1132.6
5b24f7ea.9e02.4d89.bc02.03388ed68273,42.895545,1112.9
fa92a806.0cea.4efa.b287.378d5537cd24,45.110524000000005,1214.5
43da1a2f.cd3b.4ba7.bc1c.f52d9944d458,45.789846,1190.1
fed3d194.3d3a.4e75.b2f2.dc4403b67b60,58.389918,1432.8
9c01ae7a.4e91.40b3.9b10.b8d859f7709a,51.611079000000004,1365.9
6026474e.6bee.4712.b2d8.4a22451cf9e8,43.291069,1194.6
9f237645.f2d0.4c64.a67c.4d7ce0b32fc1,52.68315299999999,1440.7
9d6a58e3.f9b2.4ac6.9e33.afa4ce875052,48.517430000000004,1251.0
ff88e40f.2c8c.4670.bbdd.ffd35a259b3b,64.757511,1660.1
90b5a4f1.85bf.43ba.b100.08c077f4b0cd,55.171665999999995,1458.6
709ae56e.5c79.4e56.b054.5bb1522e6a48,52.63725899999999,1354.2
7bb97977.f259.42e4.96c0.defb321a35f6,57.859674,1494.4
55f3cf16.37df.408f.aec2.cdcec8be9a06,55.417514000000004,1317.6
8c53081c.7a13.4c8f.bbbf.b332785b3e21,49.970608,1104.0
8bc148ce.c18e.4e78.b321.1bc49b69f33c,52.50247,1164.7
c87aa886.d2cf.432a.b38b.f40c01cb1965,15.979995999999996,648.6
a15775e3.7351.4cb6.a3c9.113f18271447,54.73337099999999,1270.1
43083975.cd2d.42da.9635.0634b5aadd6a,50.938142,1342.9
a2233d99.3e53.4996.84a6.56da14785ffa,57.001792,1445.7
2815b5d2.60b8.4244.9502.17f693e4d39b,33.407928000000005,959.9
e9184d96.8688.4f36.bbae.cfa1272f763c,47.501321000000004,1276.5
990b9c49.0a02.41d5.936d.9ee172c33b2f,53.173135,1309.2
336fae55.6ef3.49af.8688.e709584a1bd9,56.491384000000004,1505.0
e943d78d.6dc1.43d9.97d0.4b2c1c1fef4d,62.461064,1561.9
f7244ef5.ef81.44f1.9512.91272b5ccea5,61.94833,1561.6
ad59da6b.5546.4c2b.9bae.3269d9b52ae7,63.97384400000001,1679.3
a4646f7f.448d.4fd0.8f48.f279cf3394da,49.911075999999994,1201.2
cfdd76c9.1144.4fb0.87b9.5ea2bda80698,47.311249,1200.2
30bb9d5a.9305.4bd8.b193.2b0bff0f3e42,45.19836,1335.6
9362298f.4177.4fb2.8a1e.9c4e4d5eb058,57.45986799999999,1469.6
debb2485.5abd.467b.9f85.acba57398d89,61.459723,1565.5
fdefd7b2.abfd.4eb8.9e8d.c847d67ee8c4,51.458169999999996,1222.7
9f8969fc.b303.470c.826d.6c3bab546727,55.39985399999999,1332.0
12e944d7.69e9.44f6.8c3d.a9e40d1a21a4,55.710015999999996,1368.8
67e18471.f314.4a13.a71f.65010aed2058,16.265264000000002,764.1
ea1a31ac.1bf3.492e.bd32.ae81194ecf08,57.619085000000005,1375.9
b63e4b2e.ab70.4a37.9c9e.0f7e82d2e96e,61.677890000000005,1475.3
4163ae3d.2479.44b1.9d80.95d691e7da48,55.96782599999999,1406.1
6c9744b7.c409.40ba.8f3a.278213a8ccf6,60.607881,1397.4
233fcfbc.5afa.47ac.a735.968ca156ce3f,54.86444,1360.1
b6deebb1.472e.46b7.82ea.2fe2d25da9f6,62.312999000000005,1492.5
22cd99a9.2745.44ba.823e.6cdf1048d579,55.93946,1408.4
6c00b8bb.1de2.4ba8.bd88.d8ac9f8ff705,62.52816,1535.1
9080fc17.1da8.4c0b.88f7.45b372f1dc6f,56.636378,1252.3
62b14bee.ba07.4ec5.93bf.c96452f606b5,45.466322000000005,1231.8
d43b37cd.6e23.4ccb.8d1a.a05be77c1288,46.487283000000005,1300.6
5c70a21a.1611.47be.93bd.1bf502987de1,52.872398,1404.2
2dfedd8c.5fcf.445f.88b5.9b2ec7e96aec,52.707646999999994,1379.5
def521fc.b6f6.4a93.a517.784f29bb05d9,55.471064,1353.1
67600aee.3bd9.443f.9456.fe673ba24844,65.2789,1547.0
3bb587a6.3e5f.4f98.aa3d.7808edeaa041,47.258246,1217.7
a3d004ed.f43a.4320.83e9.b5cb8dc20328,8.132342999999999,348.9
6045e855.8ac7.48ed.aecc.c8eab29ec9db,46.0178,1113.6
de8f20d5.328f.47e5.89d6.e9b498d61dec,46.736593000000006,1091.1
853d0766.feac.4df4.ae31.440cc55d23f3,62.90368500000001,1533.5
3a2907ca.4345.45f6.b81d.a99fd8361bbb,35.328950999999996,890.0
3857f412.791b.4565.b56b.77ba1eb058da,49.88337700000001,1123.2
38231131.c50c.4db7.835f.5efdf8a95057,,
fac88f32.7d03.4502.be45.209153574d0e,44.08432,1176.6
820a69a0.ddee.4dc6.8441.b2fe2bb9cbd5,33.144212,907.4
c20b61fb.2ca8.426c.b2d0.43b36b7dbe31,53.22649799999999,1161.7
76295cb2.371f.4a12.824e.7f7209740b44,57.446339,1519.2
7f07b1a5.8b6f.4f33.af95.b41bf6bad858,58.21113799999999,1490.9
e47666f2.3381.46b4.bba1.4245cc970387,54.940931,1452.7
f221c01d.1580.46b7.bdde.45844fd986ac,37.311784,1089.4
b4d2214f.e203.42be.accd.0c0793aa95f2,42.247467,1057.2
9e0e46c9.56fb.486e.953e.6feb8b2593a9,51.409658,1397.8
96e90c95.020c.41ef.9828.85cd563eb8bb,28.923469,574.3
00e6b118.fb6e.4022.96d1.62e553d9b40c,47.461495,1131.8
6a552f98.0cab.4605.aa1c.401c6fab4a54,56.89464400000001,1440.0
fdd84d79.3f8b.48c0.a751.41498828f25d,62.772228000000005,1454.7
9e09667c.116e.493a.9871.eb20ffaa78c3,38.146373999999994,931.3
0717cd28.3894.450b.a177.8e41899fa790,51.400119,1494.8
3ad188e3.4312.41e8.a6b1.9ff77975cc41,57.05641599999999,1530.9
4229d279.ff8c.42cc.aac1.e6da6c41411c,52.054891999999995,1381.7
d0296110.6ff1.4959.96d7.74074c23fcdd,45.073888,1307.0
18b7bc36.8427.431c.a28c.9a4d0b19f83d,36.652389,1028.4
58963b05.b9fe.4a36.98e7.f3497c390919,43.841913,1179.5
702e5557.ca8d.420d.a802.11257794814d,49.682445,1394.8
c200e55d.869e.4e3c.8c18.4e9700df4f53,46.145824999999995,1169.4
40ded5d4.2577.43f1.9155.298cdafca4d4,55.051283,1411.6
bf016276.b4db.458b.ae2a.baa94e9693a7,24.648242999999997,816.9
3f8e3f61.513a.4f35.8ebf.0586db2cf820,45.452083,1172.1
273e797e.41f1.41a2.be36.43e50efe335e,41.597515,1101.4
898a69ad.8762.48d3.b286.356551d1bd83,45.035053,1061.4
c01d6020.e9e7.4c68.96db.e8d91c7540e2,40.446194000000006,928.9
9b692a58.33a3.4645.86a3.3cd91d3a1b4b,50.75551900000001,1441.9
591ee23e.56bf.4275.8630.9015f9f330a5,36.835777,929.5
05ddd9c2.3f7f.4b2a.8432.06f416424741,49.52389,1364.0
3eda2406.1435.4326.9c19.4690f6b85dcb,56.136177999999994,1464.1
ce0d34e1.a516.4ea4.9dde.1da424a8a1fd,45.595652,1158.6
95aaa61d.92f9.4113.b20d.0ba6f1b5da18,50.282821,1182.0
b75f1faa.7d0e.4f5c.bbbb.43c9eee3ca80,49.075019999999995,1342.6
dc609d92.2073.4db2.aea8.670c816c2fd8,51.330045000000005,1412.3
1709339c.5162.4847.bab8.d492c164537a,47.894253,1307.0
9e5630dc.0ab1.4e85.a4e8.24774a6bf46e,59.335105999999996,1449.2
7a9cef0c.0180.49a3.808f.ce7130ad744b,38.50502300000001,1055.8
3bcd3e9f.940c.497c.9507.cd6d1af7e5e9,49.12195200000001,1178.9
ff46d383.f769.46b3.b856.edd55b12886e,60.490472,1529.1
366e22db.3165.4d5d.accb.a685fa1c7472,28.784675,617.2
9c0fc647.8ae0.4c53.95ab.c0c9b5995ce6,53.49978799999999,1350.7
67f932e7.6a3e.4ab2.9627.0fb5430bac23,37.075005,866.2
b0d2cdfb.2bbb.4fc2.8b26.9163ae7a6bf1,62.642741,1612.7
f3b0fccb.3517.4953.b339.96fd2205a6ac,51.35162699999999,1379.9
4e92e999.4cb7.4bd8.9a13.459d58232fe2,60.856732,1406.4
b1603450.fce3.449f.88a5.38041fecbc22,52.774122,1336.5
3d8ecbcf.31de.4f58.952a.2c7fc438d2a9,,
1302d53f.3364.4f3d.bbc4.50e9f9065ae7,37.916368999999996,1078.1
425ccffa.2f7d.4daf.908d.1a7af532ec09,38.789008,1076.2
a46964d4.025a.4058.9026.881a954f689e,43.779689000000005,1214.8
1cb79cd6.999f.4328.ad7d.cfbf25fdbef4,51.44968,1499.4
b9674d35.9355.4df6.8e87.e5c95d10231d,48.436851000000004,1282.3
63200094.189d.4880.beaf.0a041635cab7,56.161350000000006,1492.9
ff37fca2.eda7.41c2.8084.75874cfa9ef7,58.513425000000005,1698.3
bcd36de2.cdd8.4e3a.898a.906f0fcb565a,39.950414,1064.6
593b1c57.09b3.43f2.97b1.7051761e13c9,56.64533600000001,1426.6
80cd536f.16ba.4c7d.9ebd.023dcff85a44,54.837098000000005,1518.9
28e84479.bd9f.4d55.bb03.1411b71bdc9b,49.860465,1382.1
5802a92b.5471.435b.bca9.b03e1cef9a14,50.561778,1339.5
832ba500.7ff2.4c91.ac33.76a3aca26460,51.199855,1288.6
08ea0c6b.7a30.4074.bbf6.557480fc5285,51.874211,1415.5
e9494e22.99d6.4e10.868f.208832eb3104,52.036186,1378.2
1230c3fd.efa4.4ad9.8f01.499141965b11,52.81477099999999,1406.8
00954e18.1dcf.40fc.a52e.255f5cda6f9c,50.142739000000006,1341.6
521f43b2.6a67.4c73.a80f.24bc87ae8cf0,42.497211,1300.4
2be47770.1e18.4d1a.ac60.20f2f7022b14,28.182498,939.8
2c52e362.9954.4472.b4bc.4bc8eb07c57c,28.86426,959.0
fe12f5e5.7cc4.4d33.88ab.6f23ac752860,30.520181,1046.8
088d36e6.9871.45fb.9c25.a344010f3251,20.42411,601.0
3f8829c2.d735.4d56.98cd.cfbf6cbf2744,61.94113500000001,1541.0
eb4ece61.6afe.4c88.8a06.d616dab1dd34,59.898084,1460.0
1037164d.a836.4ebe.bf98.92294a0b60ab,46.54158399999999,1073.3
81a16ca3.6299.40f0.ae7b.fe2dd2ac4243,51.018472999999986,1215.3
c2072c98.e9a0.4af2.8cc1.c03be62710d8,60.362584000000005,1461.0
7af6e763.ab6a.49e9.ac6d.5da1c74c54bd,59.935203,1399.6
5a8541e7.b0a2.48c0.8fa1.4cba3f011111,41.502757,928.7
55f8d345.8251.43a1.ab05.c9418f6fefd7,41.966325000000005,1091.3
4f2698fd.665f.4ed1.be97.ffc1529e21b0,48.043845,1200.7
ea68ac1a.53e3.4523.924f.32ca1d2ac988,30.929845999999998,757.9
c34ddc28.a67b.4478.b42d.7be7542bb228,29.299911,696.0
c2e216e3.51c4.4894.8352.48d0fef7efc7,24.687435,595.3
85c69264.6181.4b4e.bc3f.af2c82eb1530,59.957674,1516.0
ef1d1daa.8f28.431f.b282.9129502084fe,59.752086999999996,1343.5
6ff86078.b0f6.40f1.9928.333f0954555d,59.097885999999995,1491.7
806de48e.590a.41d2.8e3a.56b4e5f63dc5,60.704602,1525.0
eba26737.17cc.4d2f.a936.3a7d97c26902,62.489255,1536.9
1fe19636.3708.4a87.8e5a.cf10d8530d4e,57.747276,1508.4
89d77704.b4a7.497d.be45.7d0612828999,42.36690599999999,933.3
d8f4038a.7576.4fd3.89c3.60a3f6bc06c0,54.918375000000005,1302.5
fa4e5dcc.7b0a.4fb1.989d.b19aec98e047,52.97452199999999,1245.6
b35cd9d4.2301.4c7e.bfb9.f4c329d492e0,53.513674,1368.3
230994e3.5682.432f.b4e4.454ca1901e0f,51.755753000000006,1380.2
0476f5aa.a4f4.4835.ada1.4e72fb601e0a,58.927228,1465.3
3b2b88b4.90b1.44d2.a015.e80e723e996f,51.244258,1411.5
18f853f2.0e63.400e.baac.cad966c6c0a0,48.36960200000001,1307.3
e423f626.6364.438b.ab33.a76afca3c521,42.977579,987.0
5f291738.ae0e.4805.a842.cd2bb5b50f26,49.760429,1237.9
c64f5026.0404.471f.ad59.8ba8bfeefdfc,66.758361,1607.5
89bb3ce9.8c72.45d9.bce3.c3c09a9ea71e,57.892770000000006,1278.8
532c15bb.f44d.454b.b308.7b2a889b1949,53.812734,1420.4
04ea008a.d444.4833.988c.a2a3f5d4ad23,60.540712000000006,1523.1
e8c5ac44.36bc.41cc.8096.d3090e9b156c,49.262739999999994,1191.3
1e8adbe1.044e.4b21.af0e.a335e0bc4887,41.070745,1273.4
1654ccec.557a.40f3.b4d9.b263f9e2ad4e,52.991338000000006,1400.9
84120710.dd14.4def.90b4.c34cbcedd38e,48.464121,1009.5
1c4ca381.9cc3.4313.a11e.df350bb73ec9,54.797281,1366.7
ce5c847c.452d.46fc.96d9.ba2ff164a5ab,45.016723999999996,1137.0
fadb8582.a342.46ba.8926.98ff97240824,53.591764,1353.1
bb62f37b.e2d2.4ac6.aad1.5e299d85d153,49.224717999999996,1251.5
f2f9add5.96c8.4a08.a163.6f01088c9970,41.114844,957.7
b8c9914c.187b.47d9.97e7.eb96c3cce700,54.875089,1496.0
1a809fb5.eac0.4b28.bdf5.e731c86aefbd,46.468244000000006,994.3
7d75b189.d50c.42f3.837c.5c10af4e87ba,44.86094799999999,1134.7
67c048b1.3037.4c73.9380.32c657119b7b,34.098509,885.8
752f32b0.f570.4ccc.9028.fc536a323b98,56.617682,1400.3
7a88ccf2.1f0f.43e8.ae0e.d3de08c1f045,57.607664,1336.8
8a842638.cb92.480d.907c.eae18367b9cd,65.498449,1709.6
ac4982b0.512b.4c95.b113.c4eef4ff9ccb,44.593197,992.6
e5cdbed1.703a.4cf4.b54a.90fd47411654,57.740072999999995,1403.0
5423daa2.53d4.464a.985d.214b4724f340,50.310239,1141.2
50fedde6.6336.4d10.ae45.64645f1dc452,54.606840999999996,1404.9
82c1f0a9.ecfe.45df.9aa5.c39385ca1c32,29.404926999999997,874.0
0f2cd91b.4055.49cc.bcc6.dc8b140f2b78,24.642471,825.6
a89918d7.6bae.4549.b9a0.00174b361701,45.229034999999996,926.1
8533740d.91e4.46e3.b9a7.0ea4a0e9e428,65.62135500000001,1649.7
56faa61c.38e3.4ef3.8328.7730c57f5c95,49.97884,1299.3
def7ac34.b95b.493d.8459.b113eee1c84e,47.048496,1425.5
5b6671cb.91c1.469c.8871.fea4315a757c,39.114002,1113.5
e9e2e4d7.8a4d.4e5d.bb37.75c9466cc3a5,49.243576000000004,1359.0
a65d1477.120e.4f3c.a816.f82f6582bc50,42.743161,1023.6
568030a5.4888.49d7.9b73.aa36e2a2010f,36.490097,1143.7
60f2a3c7.0071.438e.9615.db72ab157a65,36.51430200000001,1146.7
aa5d5079.35bb.4c38.95e4.be3d2ae2f1d4,45.679206,1187.0
76a5ac2d.49be.491e.a5c2.adcb61e07894,38.420939999999995,1114.9
68fc23c8.68cc.4b31.a3f4.0411079d673a,46.674665999999995,1323.7
1179fc32.1721.4500.9ebb.2711571cec96,43.311149,1189.7
cdf7a3e6.75b1.4370.8d53.d8ac4596a0ca,35.900574,931.8
1b1720db.15b5.479e.9641.ecf97ed72ca4,41.927878,1236.3
f0b9f32d.6815.4098.8c8e.509afcde0b32,41.093304,1126.6
a65b37e7.3012.4d06.8fe6.5e8ce086addf,37.664138,993.8
c432ffae.1407.4d05.a1da.33259e237d14,36.392742000000005,953.9
69c1e627.b5c7.4003.88b7.934c5f77f079,40.115886,1161.3
34d96fea.bd51.4749.8ccb.3db434a60083,60.175698999999994,1414.3
8d972760.88c4.49f9.8712.a919bb215db5,41.45228899999999,1247.4
c287751e.0263.4fda.8aa2.3b717855e2ee,41.562849,1209.2
7cd751c9.7106.4e4f.8588.b9e9035ba333,44.373522,1276.3
2f79545d.8a5d.4fc5.a0ac.5da133096ee3,35.209418,982.6
fa6fda2b.4a99.4231.9325.0d74d8ae451c,45.235865000000004,1280.8
632924ab.bf85.4b8b.b603.f338294a0d9d,37.602296,1061.1
ad0865f4.0719.4c22.9a3e.1d5ec2f9ad4c,42.870667,1187.8
2adb40fd.6824.44f2.b71f.dc73c9f82b16,35.986608000000004,1022.3
0eb12bd1.4548.4004.8dcd.1a71de8b1df5,45.454688,1207.5
4f5d4951.41da.4207.ad9f.fce2da3ffa1d,40.957781999999995,1181.9
dddae1ad.5118.45e8.9052.0c8b4ace3f48,43.222603,1190.5
a54a462c.ecb9.490c.88ea.f9e86e3683ab,40.34095000000001,1082.5
28d2ac5c.ec97.4770.9c8f.7334b70dc252,28.485073,843.0
72dd84a6.192a.4879.9fc1.8260e7b92457,56.861221,1386.7
7c6a5ce6.5bc1.41f8.b082.9d812dcb87d3,50.740266,1084.7
b125b68f.d846.428d.bcb6.e0572d3c485f,51.02402,1310.3
4cb3ff23.960d.42f6.ad37.7fd318455a0a,56.508682,1457.6
a6635d85.9454.4cc3.9ef4.fa1c21acde4d,55.876856999999994,1507.6
cf793ef1.e300.4ea8.9039.60e647436b4d,61.17942000000001,1540.8
6e887652.7990.409b.bd72.01a4bf5a7a2c,64.56244000000001,1605.6
99b59c4d.8f92.4b4f.a1e8.feac7a698f02,66.83791500000001,1562.1
4ef235d7.1c66.456b.bf58.c69c6a71d97b,59.293040999999995,1423.7
eaadb7ee.cb68.47ff.ba50.a0e3d8fa988a,37.279565000000005,1061.9
3cce5506.b222.46b9.8ef3.3f15ddfc8554,32.64471999999999,818.1
28028688.f349.49ed.a093.c24ab3e69eff,30.891008,843.0
51fa2739.c9f3.4f97.8142.793a058cca9c,45.913619999999995,1118.8
1d3c1d57.9c6a.40a4.a6a3.b0cc321e354f,47.911427,1092.7
9fa049be.9576.476d.9c8b.bedd0afaa86e,46.010479,1155.9
ebe9e631.4fc4.4ab0.97d0.1514a2d3e721,22.414372,640.6
09aae222.0d4d.449f.b284.e4aa4151bd18,56.540535,1414.8
dcc90ae0.8d7a.4d56.a1e2.0d0ca606ac0e,37.680061,1133.9
1cb1d0cb.0d13.4f61.be87.379114ad3177,60.899623,1465.8
9e937a56.09be.4fc1.9687.a2a51ebcc565,55.185321,1261.7
c3def350.038b.4470.aec7.41834dda4a9f,56.230576,1446.2
3a7587ba.1767.4f82.8a29.fb87623459a0,59.72279299999999,1395.3
2fc381cd.1f0f.484f.bc0c.0c45f7b291a1,48.694707,1247.5
07b37371.e1be.4806.ba9e.105e8b6eb137,35.898852,924.3
215cb690.74cc.469d.b692.681e0cf530e5,53.042813,1349.8
67b4e332.53fc.42c9.bc70.ef7cfbed28f1,50.91942,1339.0
049a1207.554b.43e8.9548.1b0fb0f8cd2b,27.846106999999996,632.5
0c792e0e.c9e4.4789.a129.9263c4d80ab5,32.45164799999999,827.3
69d85346.ed6d.49d0.93cf.fcb494bddb83,30.894454000000003,805.5
aae3af7b.134e.4b0f.b833.5fc674f072e7,44.44217400000001,1054.3
4699dde6.97b1.4f66.ab36.a6f92bd5945b,34.034972999999994,922.7
1a8d256c.9a6f.4c7d.8abd.c351d01866c5,28.145282,750.8
b2b082dc.0d6f.4f1d.bb98.2887c0349fd3,62.03285299999999,1521.0
d9e63d01.9bb8.4104.8114.c568d0a78db3,65.99322199999999,1547.5
ebba7773.6d1e.478a.a202.9e3aee7a71e5,68.14701900000001,1696.4
a221b74c.6515.4506.b941.abd8da16efe4,59.85874,1546.8
3b443a43.f0cd.4c13.b7ba.256065073f88,53.821360000000006,1201.0
cbab4e97.4fde.4ee3.8a5a.10c1b3dda26c,51.82217800000001,1114.7
932158d8.e379.4cc8.8a38.b3755c70cff9,60.170888000000005,1392.7
1a3cebf2.a600.4fdd.901f.739e27cb4a6c,65.03014499999999,1546.1
46d62998.b580.4434.859c.b82a71ba8b13,56.259001,1249.5
b4a127dc.cbb4.4f2a.972b.bcb6d53777a8,59.228494999999995,1265.7
446c844e.eb73.4ce2.8057.7203b7d8290f,59.273166,1227.3
36ab5525.4f00.4559.a4b0.5f08454440bb,55.20463299999999,1149.9
112c4226.3f1f.4a90.bd62.bd09a8a0b791,63.109680000000004,1491.3
14406c0f.5000.4edd.9f97.d9f88ea71115,57.552797,1498.7
2d706a65.4af6.4953.a3bf.23f1e8b8190b,63.202366,1711.4
31c0a2f3.536c.4143.8290.08f7f75a4e4e,65.218761,1614.4
09639a17.c0e3.463f.a0b8.abc7eb0d61f9,58.950328999999996,1602.5
5e6d005d.2705.4981.804e.8b218288605f,49.28747499999999,1361.5
973536e9.32f0.4837.9c9a.91d8ca24ec0e,48.391315000000006,1334.5
72c5d05e.1244.452a.89dc.a1a47acc2483,52.150870999999995,1369.0
91023f5b.9d29.404a.a1d8.211f4942b9f7,48.259543,1202.0
fd7dc1d0.8bec.4872.b36c.a039b1d73918,36.430674,844.9
4aff6dc8.d08b.43ce.ae37.7c99c5841e5c,61.059205,1475.4
bfd4d640.7817.49c8.ac35.a7a91b49e21b,38.700595,1014.4
78140709.84c3.437f.a130.795e7391da34,53.991144999999996,1382.3
8d9faaed.d3f1.4d05.9f4f.38b916fb5bb8,48.84252600000001,1117.6
3f86a9aa.e576.4a0e.b946.069435b47735,52.46472299999999,1279.0
3aef91f5.b123.4c88.b8f3.527c7b062691,54.365525000000005,1389.7
ca812b48.e567.4bd5.b834.28a634b4e61c,44.096684,1137.2
5ecadee6.4390.4865.92c2.4b3769ee9cb3,49.105025,1304.1
888bc056.af74.4815.8001.69c5fb705b41,45.714782,977.4
77da3cc8.c0a0.4848.8dd4.d07d8e05735b,53.653025000000014,1586.4
77fc3945.be1b.497d.8d77.a15554f078f2,52.187830000000005,1378.9
ef09f7db.a7fc.4a83.86b2.ec525f831954,49.850142,1410.5
ea3a8068.4beb.486e.8679.19c1580e43ab,46.391614999999994,1234.3
6618c914.037e.4c9b.b2c4.18d98a529b85,51.85558699999999,1381.5
df184576.d144.44c7.b620.ab1332e33b80,47.850168,1201.7
8d596033.bccb.44dc.aa21.946a4e4c5b1a,44.375072,1126.4
40a120a1.f11e.4bb9.a831.4c7a165eb48e,44.637822,1035.1
c3ac12ed.e37d.4759.9a2c.9b71d45d9ea6,49.390927999999995,1340.9
8109a7fc.1e1e.4006.ae0b.93def8de40c3,46.057916999999996,1110.0
04fd9a21.4876.4619.b4e7.6f6a2473bb98,49.370522,1371.8
58b05ec3.2a65.4b62.9a8d.e58582331e70,45.65526,1268.5
f7020154.eddb.4c93.b093.19915c63296c,49.411034,1087.5
ee2234a8.ac03.43de.8f3d.211a8ba34f8b,60.981981,1474.8
d592b0a9.ad8d.42fe.a641.b72316502f12,57.72874,1360.6
a79fb6f2.c8ca.4ebb.a0da.79f1ffbdce03,60.365012,1464.7
0129210b.a355.4608.8aac.7e6d637c0b5c,61.5338,1487.4
d5d52d16.58aa.4619.97ea.a6ac89e12ec3,69.24467700000001,1642.0
a49ccc5c.ee44.4b43.9ece.4eeb0e0352b8,62.0629,1376.2
1527a35e.aff8.4404.a7b5.93297cc857bb,59.452684999999995,1390.2
609c89d3.6145.4af8.af53.92591d65b765,48.894553,1133.4
fcbc952d.9cf3.4190.9085.3286d5b236ba,57.914924000000006,1488.6
a2c34b14.f857.4bd0.8109.ce29f161c2f2,64.453014,1550.0
7784d541.bb0c.4a5d.a894.2efca9dae3b1,55.82605099999999,1270.2
597d3cdf.2e10.4772.8587.aa7f922bd432,64.810191,1627.1
d80fe725.5c14.4e20.906e.e84aa0382d3c,57.220682999999994,1302.9
5ebb0e88.cb56.4604.a7fd.6a66092dcda7,70.525351,1727.7
7dde8baf.6642.4796.8a04.d9b398a674b2,65.14085999999999,1558.9
06104fa3.3f90.4a7a.944c.511c32501925,59.371734000000004,1391.8
6c3ce76b.620e.42b7.a24a.0ff2b3c37195,48.534057000000004,1003.0
4e06f8e7.ca04.4084.8ed6.9799d589df32,65.322388,1567.5
97e0e94b.e50b.402f.9d18.8277c8d81d9a,62.174178000000005,1287.2
ed4ed071.074d.425f.a876.86a05ab2ee88,57.09833999999999,1183.2
47851ff0.b155.4d9e.8d14.37671f756a98,59.543355,1333.0
b2bca08c.48c6.43b0.824a.003ca3a07119,64.641814,1404.7
9fd07251.eccf.4636.a7e8.e8d33c67b49d,53.420421,1113.0
0e5f0298.f09a.406d.a54f.4683590a58ef,55.785107,1177.5
2204f8a2.6d8f.4096.9407.077cad04f686,30.713992999999995,959.8
86144e86.1d92.41e9.b535.d51a453c6eb4,41.444752,1210.9
a1f61e5d.8dae.45c2.8de6.4303a428d157,31.711633999999997,953.3
9e6231cc.081f.4a34.8c8e.87b7d19bc1a7,50.553222,1304.4
cb7c9f30.3ea4.464b.ac67.0ba656e7e817,20.135465,653.1
33823320.f971.44d2.b8d4.97aa953ed8c6,37.080457,981.8
90e7d744.0e3b.4081.a2b5.3b82e5323b25,28.588506000000002,954.7
b50cbaeb.8cbe.410d.b7fa.9fca6702c533,45.287561,1078.1
4438f148.fff6.4be1.9837.b8cd5c473d5a,35.057598,1088.3
62deb178.a741.4def.afbf.e0a77659194d,36.011802,1022.6
f57975a7.5e66.4e36.96a4.1ee83ac87998,23.777154000000003,770.9
0d0b86b0.b46c.47d2.a0e8.c862dba23fa3,36.068308,1063.8
2607b960.7718.461c.bc21.4f612d26a218,29.880231,978.6
c399332c.719c.4fa4.a4e5.a0ea30e2aebe,51.431429,1377.8
015a7d47.975a.44e0.be5f.743a4be83977,50.242373,1202.3
a4d5c7df.b44d.4e12.a807.752b431f489e,64.797371,1468.4
776b3d91.0d77.45af.8ffc.8a687c7dce9d,60.881913999999995,1519.8
22294d5c.5da1.45ea.b786.2ce432a6d681,57.252719,1384.4
edde124d.3849.4716.b9ed.fb8b00ac88d8,49.264171,1040.2
15644fd7.c344.4c04.bdec.3b3fab41e0bd,56.44183399999999,1276.7
5bbbcf73.69ce.4d24.ae08.1ce96b32db63,54.671464,1344.3
b5f9964d.ec1a.40a6.ba28.06565496a2cb,61.01574899999999,1366.4
e2368d57.5f1c.43f4.ae27.a34e081ca890,44.015118,1070.4
80684482.db5b.4804.9f58.1381a5923381,36.83668000000001,843.3
17ea94b8.e1ad.4a06.8dac.3bdb4e423f59,50.952850999999995,1187.0
f7ad8afd.daa3.4ca5.8519.aac82fdc204f,49.018187,1175.0
ae28ac36.74fd.44c4.a596.7cc030a072f9,61.225743,1525.7
154ba918.58b4.4db4.9c4c.f8fea05a98d6,58.020641999999995,1366.4
6519888d.bb69.495b.b4b8.07d0d4333455,54.673106,1442.5
fcdf2f34.5f5d.4e45.94be.b3eca14c7709,55.668605,1400.6
8d2746d9.68e2.42e3.acfc.092603ad6ec1,50.050588999999995,1196.4
2756472a.03f4.41da.8564.1d7538f949c6,57.554956000000004,1538.5
dfe6e9d8.2aed.4f4c.922d.0889eaf8b718,57.32014,1528.4
b986755d.b15a.4ad4.b6a2.0c7cdd9b8ced,46.24491,1249.1
5f2a8e9c.2b06.4f55.b367.1ac06421735a,46.594037,1280.8
78ff0b74.3d7e.4ed5.8c2d.a5f77b793718,43.0632,1224.0
249f97fa.3992.4b77.b0c9.c27e4ecbe59f,45.02666000000001,1275.9
ab7ea93a.ebce.4ecf.a56d.01441d5605b3,56.212739,1568.5
ba4e041a.56fc.4889.a4dc.83a66f2f3b60,56.180803000000004,1427.1
2ce1e761.4f19.4236.a6a5.49ac820af545,64.75809299999999,1678.4
a3adc0e6.915f.4d4a.abc6.b8a32c30e0ba,54.700486999999995,1432.6
03a27c57.cf57.417a.90fe.5b9d5ffb32c0,19.740289,688.8
2cfcc030.33e9.4f0d.ad96.414079bbee74,,
447cc359.470e.4d74.ba9c.318b733e8d1f,20.744462,660.8
4a31859a.fef7.48e8.b8f5.0100f180cd42,18.10756,611.3
6c502824.4abe.42cb.8408.5871938a9b8b,,
a9924294.9d6f.44ae.8047.f61ca854931a,,
