Taxonomy,Fold donor enrichment,Fold final enrichment,Donor median abundance,Initial ASD median abundance,Final ASD median abundance,"t (two-tailed, one-sample)",p-value,FDR p-value
k__Bacteria;p__Firmicutes;c__Clostridia;o__Clostridiales;f__Ruminococcaceae;g__Gemmiger,1.7346340331924748,5.482364737290117,0.00596480134893,0.0034386511706749998,0.01885193992195,4.519485669962689,0.0004071813880069705,0.0583265703271521
k__Bacteria;p__Proteobacteria;c__Betaproteobacteria;o__Burkholderiales;f__Oxalobacteraceae,inf,inf,2.10287252387e-05,0.0,0.000142986472918,4.222679964878838,0.0007383110167993936,0.0583265703271521
k__Bacteria;p__Proteobacteria;c__Betaproteobacteria;o__Burkholderiales;f__Oxalobacteraceae;g__Oxalobacter,inf,inf,0.0,0.0,0.0001166222738922,3.8633492976453514,0.001531600184325452,0.0806642763744738
k__Bacteria;p__Firmicutes;c__Clostridia;o__Clostridiales;f__Peptostreptococcaceae;g__,9.422002519751912,3.338674086303196,0.00700097688049,0.0007430455326045,0.0024807868646500005,3.3144016813881083,0.004717512763834118,0.18634175417144766
k__Bacteria;p__Proteobacteria;c__Deltaproteobacteria;o__Desulfovibrionales;f__Desulfovibrionaceae;g__Desulfovibrio,26.54064355504239,147.6037390133312,0.00118031404784,4.447194527865e-05,0.0065642254043250005,3.2028523179182606,0.005929121708953516,0.1873602460029311
k__Bacteria;p__Proteobacteria;c__Deltaproteobacteria;o__Desulfovibrionales;f__Desulfovibrionaceae,1.1641121133865204,3.405657375351655,0.00278974158183,0.00239645438764,0.00816150255996,2.8581716759640874,0.011966975591167377,0.20822602727986628
k__Bacteria;p__Firmicutes;c__Clostridia;o__Clostridiales;f__;g__,5.7134876310906355,7.031165850585185,0.0187778139585,0.00328657646099,0.02310846417785,2.8104489382000484,0.013178862486067486,0.20822602727986628
k__Bacteria;p__Proteobacteria;c__Deltaproteobacteria;o__Desulfovibrionales,1.1641121133865204,3.405657375351655,0.00278974158183,0.00239645438764,0.00816150255996,2.8590538211462784,0.011945629461725758,0.20822602727986628
k__Bacteria;p__Firmicutes;c__Clostridia;o__Clostridiales;f__,5.7134876310906355,7.031165850585185,0.0187778139585,0.00328657646099,0.02310846417785,2.8104489382000484,0.013178862486067486,0.20822602727986628
k__Bacteria;p__Proteobacteria;c__Deltaproteobacteria,1.1641121133865204,3.405657375351655,0.00278974158183,0.00239645438764,0.00816150255996,2.885368557850595,0.011325675765210702,0.20822602727986628
k__Bacteria;p__Proteobacteria;c__Betaproteobacteria;o__Burkholderiales;Other;Other,inf,inf,0.000651890482399,0.0,9.18036599123e-05,2.546240287521847,0.022364015798321996,0.22465552414036996
k__Bacteria;p__Actinobacteria;c__Coriobacteriia;o__Coriobacteriales;f__Coriobacteriaceae;g__Adlercreutzia,0.0,4.102498544406756,0.0,4.885064535775e-05,0.00020040970147350003,2.6415516874914062,0.01850096829747347,0.22465552414036996
k__Bacteria;p__Bacteroidetes;c__Bacteroidia,0.3444183172540418,0.8258425977227494,0.210111589663,0.610047663371,0.503803347053,-2.4805377294261732,0.025464607783787313,0.22465552414036996
k__Bacteria;p__Bacteroidetes,0.3444957988730187,0.8261389166373414,0.21019316105500002,0.6101472405255001,0.504066380277,-2.4779715096210677,0.025593667307130755,0.22465552414036996
k__Bacteria;p__Bacteroidetes;c__Bacteroidia;o__Bacteroidales,0.3444183172540418,0.8258425977227494,0.210111589663,0.610047663371,0.503803347053,-2.4805377294261732,0.025464607783787313,0.22465552414036996
k__Bacteria;p__Bacteroidetes;c__Bacteroidia;o__Bacteroidales;f__Rikenellaceae;g__Alistipes,0.05801152497847927,0.5148695244125971,0.00200803212851,0.0346143654947,0.0178218819001,-2.5802891459898345,0.02090266034748027,0.22465552414036996
k__Bacteria;p__Firmicutes;c__Clostridia;o__Clostridiales;f__Ruminococcaceae;g__Anaerofilum,inf,inf,0.0,0.0,4.708022948875e-05,2.4976834221341986,0.02461809807931069,0.22465552414036996
k__Bacteria;p__Proteobacteria;c__Betaproteobacteria;o__Burkholderiales;Other,inf,inf,0.000651890482399,0.0,9.18036599123e-05,2.546240287521847,0.022364015798321996,0.22465552414036996
k__Bacteria;p__Proteobacteria;c__Alphaproteobacteria;o__RF32,inf,inf,0.000358309621667,0.0,0.0009313874447980001,2.188637449621126,0.044857100438436166,0.25842916125576987
k__Bacteria;p__Bacteroidetes;c__Bacteroidia;o__Bacteroidales;f__Porphyromonadaceae;g__Parabacteroides,0.4982884403422778,2.4487580015780113,0.00976880494953,0.019604719192,0.0480072129901,2.2727677746283037,0.03817869369449785,0.25842916125576987
k__Bacteria;p__Actinobacteria;c__Coriobacteriia;o__Coriobacteriales;f__Coriobacteriaceae;g__Eggerthella,0.0,0.6646058239031062,0.0,6.42910586999e-05,4.272821203685e-05,-2.351675351139756,0.032771262158935825,0.25842916125576987
k__Bacteria;p__Bacteroidetes;c__Bacteroidia;o__Bacteroidales;f__S24-7,inf,inf,0.00303509326589,0.0,0.00137053567281,2.1592737732229033,0.047433200483653966,0.25842916125576987
k__Bacteria;p__Proteobacteria;c__Betaproteobacteria;o__Burkholderiales;f__Comamonadaceae,inf,inf,0.000505135544704,0.0,6.353986621915e-05,2.3721099744030703,0.031493321483147915,0.25842916125576987
k__Bacteria;p__Bacteroidetes;c__Bacteroidia;o__Bacteroidales;f__Porphyromonadaceae,0.4944177587796273,2.4297361626575857,0.00976880494953,0.01975819997575,0.0480072129901,2.2748099596958955,0.03802877168182081,0.25842916125576987
k__Bacteria;p__Bacteroidetes;c__Bacteroidia;o__Bacteroidales;f__S24-7;g__,inf,inf,0.00303509326589,0.0,0.00137053567281,2.1592737732229033,0.047433200483653966,0.25842916125576987
k__Bacteria;p__Firmicutes;c__Clostridia;o__Clostridiales;f__Lachnospiraceae;g__Pseudobutyrivibrio,2.539567101195191,0.0,0.000126462219412,4.979676235075e-05,0.0,-2.1686939608642986,0.04659219000463398,0.25842916125576987
k__Bacteria;p__Proteobacteria;c__Alphaproteobacteria,30.27286508340617,57.27431103498053,0.000505305709955,1.6691704223e-05,0.000956005859372,2.171660884900484,0.046330185204389994,0.25842916125576987
k__Bacteria;p__Proteobacteria;c__Alphaproteobacteria;o__RF32;f__,inf,inf,0.000358309621667,0.0,0.0009313874447980001,2.188637449621126,0.044857100438436166,0.25842916125576987
k__Bacteria;p__Proteobacteria;c__Alphaproteobacteria;o__RF32;f__;g__,inf,inf,0.000358309621667,0.0,0.0009313874447980001,2.188637449621126,0.044857100438436166,0.25842916125576987
k__Bacteria;p__Actinobacteria,2.885728590313938,3.028147004007148,0.0106860575403,0.00370307089037,0.011213443022299999,2.0657019027057273,0.05658237541558921,0.2883875908278418
k__Bacteria;p__Firmicutes;c__Clostridia;o__Clostridiales;f__Lachnospiraceae;g__Ruminococcus,0.0,0.0,0.0,0.000225700535894,0.0,-2.0827055571767223,0.05480771088479792,0.2883875908278418
k__Bacteria;p__Actinobacteria;c__Actinobacteria;o__Bifidobacteriales,3.7829868745725963,3.6491901402683955,0.0102645168089,0.00271333661713,0.009901481230459998,1.9558932050512912,0.06936594039183998,0.29421599657746245
k__Bacteria;p__Firmicutes;Other;Other;Other,1.034182920363638,1.988396902660594,0.000147539255981,0.000142662630639,0.000283669932888,1.90347107275982,0.07634718898529089,0.29421599657746245
k__Bacteria;p__Actinobacteria;c__Actinobacteria,3.667230345231021,3.567433588078709,0.0102645168089,0.00279898338599,0.009985187343655,1.9528609154548957,0.06975348979453248,0.29421599657746245
k__Bacteria;p__Firmicutes;c__Clostridia;o__Clostridiales;f__Veillonellaceae;g__Veillonella,0.5228439381849386,0.0,4.59368827231e-05,8.78596448542e-05,0.0,-1.9057267529549358,0.07603423612150666,0.29421599657746245
k__Bacteria;p__Firmicutes;c__Clostridia;o__Clostridiales;f__Lachnospiraceae;g__Anaerostipes,1.276736899486911,2.108220102491739,0.0005427113860850001,0.0004250769178075,0.0008961557032270001,1.9710908111363266,0.06745276765854333,0.29421599657746245
k__Bacteria;p__Actinobacteria;c__Actinobacteria;o__Bifidobacteriales;f__Bifidobacteriaceae;g__Bifidobacterium,3.7829868745725963,3.6409118401090304,0.0102645168089,0.00271333661713,0.00987901941551,1.955975359858431,0.06935546753833696,0.29421599657746245
k__Bacteria;p__Actinobacteria;c__Actinobacteria;o__Bifidobacteriales;f__Bifidobacteriaceae,3.7829868745725963,3.6491901402683955,0.0102645168089,0.00271333661713,0.009901481230459998,1.9558932050512912,0.06936594039183998,0.29421599657746245
k__Bacteria;p__Firmicutes;Other;Other;Other;Other,1.034182920363638,1.988396902660594,0.000147539255981,0.000142662630639,0.000283669932888,1.90347107275982,0.07634718898529089,0.29421599657746245
k__Bacteria;p__Firmicutes;Other;Other,1.034182920363638,1.988396902660594,0.000147539255981,0.000142662630639,0.000283669932888,1.90347107275982,0.07634718898529089,0.29421599657746245
k__Bacteria;p__Firmicutes;Other,1.034182920363638,1.988396902660594,0.000147539255981,0.000142662630639,0.000283669932888,1.90347107275982,0.07634718898529089,0.29421599657746245
k__Bacteria;p__Proteobacteria,2.192234340800004,1.9608077815225773,0.0382512512092,0.0174485229509,0.0342131995782,1.820900154030061,0.0886275037225192,0.333408228289477
k__Bacteria;p__Bacteroidetes;c__Bacteroidia;o__Bacteroidales;f__Bacteroidaceae,0.26850526229280863,0.6303918579952223,0.127006656226,0.4730136576895,0.298183958528,-1.7448531222812425,0.10145743581169588,0.3445158432531809
k__Bacteria;p__Bacteroidetes;c__Bacteroidia;o__Bacteroidales;f__Bacteroidaceae;g__Bacteroides,0.26850526229280863,0.6303404674590194,0.127006656226,0.4730136576895,0.2981596501025,-1.7446056329085717,0.10150172683514527,0.3445158432531809
k__Bacteria;p__Firmicutes;c__Clostridia;o__Clostridiales;f__Ruminococcaceae;g__Butyricicoccus,5.45512943507772,2.353750366669695,0.00233955105912,0.00042887177783099996,0.001009457104324,1.7518282133115577,0.1002161191445252,0.3445158432531809
k__Bacteria;p__Firmicutes;c__Clostridia;o__Clostridiales;f__Ruminococcaceae,1.4537048915505264,1.057597900303492,0.23055721438700003,0.15859973762700003,0.167734749503,1.7510609982182537,0.10035200012852624,0.3445158432531809
k__Bacteria;p__Firmicutes;c__Clostridia;o__Clostridiales;f__Peptostreptococcaceae,4.305720464748709,2.0447502279804746,0.0128079887116,0.002974644735175,0.00608240550041,1.7391490566294705,0.10248256096771836,0.3445158432531809
k__Bacteria;p__Firmicutes;c__Clostridia;o__Clostridiales;f__Clostridiaceae;g__Sarcina,inf,inf,0.0,0.0,3.00066014523e-05,-1.7077361954246626,0.10829210840480251,0.35646152349914156
k__Bacteria;p__Lentisphaerae;c__[Lentisphaeria];o__Victivallales;f__Victivallaceae,inf,inf,0.0,0.0,3.00066014523e-05,1.5684792098270004,0.13761978637818464,0.38828439728130665
k__Bacteria;p__Proteobacteria;c__Gammaproteobacteria;o__Pasteurellales;f__Pasteurellaceae,7.00622957975486,0.3821734490503971,0.0010704804316200001,0.00015278980219450003,5.8392205684400006e-05,-1.5825566844116778,0.1343749924500273,0.38828439728130665
k__Bacteria;p__Firmicutes;c__Clostridia;o__Clostridiales;f__[Tissierellaceae],1.0624904705123335,1.708539952451138,3.26285565127e-05,3.07095050904e-05,5.246841636695e-05,1.5863014037438699,0.13352290283123225,0.38828439728130665
k__Bacteria;p__Actinobacteria;c__Actinobacteria;o__Actinomycetales;f__Actinomycetaceae;g__Actinomyces,0.0,0.0,0.0,3.47011581334e-05,0.0,-1.6200663479552326,0.12604601977297009,0.38828439728130665
k__Bacteria;p__Proteobacteria;c__Gammaproteobacteria;o__Pasteurellales,7.00622957975486,0.3821734490503971,0.0010704804316200001,0.00015278980219450003,5.8392205684400006e-05,-1.5825566844116778,0.1343749924500273,0.38828439728130665
k__Bacteria;p__Lentisphaerae;c__[Lentisphaeria];o__Victivallales,inf,inf,0.0,0.0,3.00066014523e-05,1.5684792098270004,0.13761978637818464,0.38828439728130665
k__Bacteria;p__Lentisphaerae,inf,inf,0.0,0.0,3.00066014523e-05,1.5684792098270004,0.13761978637818464,0.38828439728130665
k__Bacteria;p__Lentisphaerae;c__[Lentisphaeria],inf,inf,0.0,0.0,3.00066014523e-05,1.5684792098270004,0.13761978637818464,0.38828439728130665
k__Bacteria;p__Proteobacteria;c__Gammaproteobacteria;o__Pasteurellales;f__Pasteurellaceae;g__Haemophilus,6.817633863031692,0.11661576781813135,0.000954144917775,0.0001399525021355,1.63206684946e-05,-1.5486355408272143,0.1423065079883887,0.39446365372220027
k__Bacteria;p__Actinobacteria;c__Coriobacteriia;o__Coriobacteriales;f__Coriobacteriaceae;g__,1.243790419092635,1.2883749969655491,0.00010514362619299998,8.453484170565e-05,0.00010891257642600001,1.5069101159648899,0.15260256766106226,0.4157104429387558
k__Bacteria;p__Firmicutes;c__Clostridia;o__Clostridiales;f__Ruminococcaceae;g__Subdoligranulum,inf,inf,0.0,0.0,5.5787021859550004e-05,1.4351106715299005,0.17177806298381076,0.46001582968545934
k__Bacteria;p__Bacteroidetes;c__Bacteroidia;o__Bacteroidales;f__Rikenellaceae,0.060561697902117524,0.7895824806565813,0.00330150986247,0.054514816737900006,0.043043944232450004,-1.3800641285547652,0.18779045282872137,0.4837648464740541
k__Bacteria;p__Firmicutes;c__Clostridia;o__Clostridiales;Other,0.9815254779535907,0.9094902096812993,0.00248059166705,0.002527281993965,0.002298538230615,-1.3633265614650847,0.1928935780244646,0.4837648464740541
k__Bacteria;p__Firmicutes;c__Clostridia;o__Clostridiales;Other;Other,0.9815254779535907,0.9094902096812993,0.00248059166705,0.002527281993965,0.002298538230615,-1.3633265614650847,0.1928935780244646,0.4837648464740541
k__Bacteria;p__Firmicutes;c__Clostridia;o__Clostridiales;f__Lachnospiraceae;Other,2.8765511550126703,0.7240821710964265,0.0361687548943,0.0125736525948,0.009104357669455,-1.388797495622986,0.18517163277719212,0.4837648464740541
k__Bacteria;p__Bacteroidetes;c__Bacteroidia;o__Bacteroidales;f__[Barnesiellaceae],4.580494963462483,8.335409399069519,0.000379897970259,8.293819189615e-05,0.000691323784273,-1.3526240523446982,0.19621514403277904,0.48440613683092326
k__Bacteria;p__Bacteroidetes;c__Bacteroidia;o__Bacteroidales;f__[Barnesiellaceae];g__,4.580494963462483,8.335409399069519,0.000379897970259,8.293819189615e-05,0.000691323784273,-1.3372657953300355,0.20106214829701308,0.48873568355273944
k__Bacteria;Other;Other;Other;Other;Other,1.3010014577595006,1.570025829409554,0.000513830607177,0.000394950062594,0.0006200817995995001,1.1960964805830843,0.2502243679217925,0.5259983170590805
k__Bacteria;p__Verrucomicrobia;c__Verrucomicrobiae;o__Verrucomicrobiales;f__Verrucomicrobiaceae,0.4493353722946915,0.5328920262058734,0.000551242592678,0.001226795455392,0.0006537495159640001,1.1715621326246852,0.25964671551235424,0.5259983170590805
k__Bacteria;Other,1.3010014577595006,1.570025829409554,0.000513830607177,0.000394950062594,0.0006200817995995001,1.1960964805830843,0.2502243679217925,0.5259983170590805
k__Bacteria;Other;Other;Other,1.3010014577595006,1.570025829409554,0.000513830607177,0.000394950062594,0.0006200817995995001,1.1960964805830843,0.2502243679217925,0.5259983170590805
k__Bacteria;p__Verrucomicrobia,0.4493353722946915,0.5328920262058734,0.000551242592678,0.001226795455392,0.0006537495159640001,1.1715022120124032,0.2596700552570144,0.5259983170590805
k__Bacteria;Other;Other,1.3010014577595006,1.570025829409554,0.000513830607177,0.000394950062594,0.0006200817995995001,1.1960964805830843,0.2502243679217925,0.5259983170590805
k__Bacteria;p__Verrucomicrobia;c__Verrucomicrobiae,0.4493353722946915,0.5328920262058734,0.000551242592678,0.001226795455392,0.0006537495159640001,1.1715621326246852,0.25964671551235424,0.5259983170590805
k__Bacteria;p__Actinobacteria;c__Actinobacteria;o__Actinomycetales,0.0,1.2183330239205576,0.0,4.61036048086e-05,5.61695442601e-05,-1.276822328572064,0.22107773468431519,0.5259983170590805
k__Bacteria;p__Firmicutes;c__Bacilli;o__Lactobacillales,0.7699665669341303,0.5499698576889541,0.000488440247476,0.000634365527611,0.000348881918943,-1.2590136567143466,0.22726664940269412,0.5259983170590805
k__Bacteria;p__Verrucomicrobia;c__Verrucomicrobiae;o__Verrucomicrobiales,0.4493353722946915,0.5328920262058734,0.000551242592678,0.001226795455392,0.0006537495159640001,1.1715621326246852,0.25964671551235424,0.5259983170590805
k__Bacteria;Other;Other;Other;Other,1.3010014577595006,1.570025829409554,0.000513830607177,0.000394950062594,0.0006200817995995001,1.1960964805830843,0.2502243679217925,0.5259983170590805
k__Bacteria;p__Verrucomicrobia;c__Verrucomicrobiae;o__Verrucomicrobiales;f__Verrucomicrobiaceae;g__Akkermansia,0.46168929780981677,0.5475432395428771,0.000551242592678,0.001193968747582,0.0006537495159640001,1.174388718369669,0.2585475474006127,0.5259983170590805
k__Bacteria;p__Firmicutes;c__Bacilli;o__Lactobacillales;f__Streptococcaceae,0.6995635237947864,0.5984084879991636,0.00040785695640800006,0.0005830163273745001,0.000348881918943,-1.2312569707479204,0.23718305122971148,0.5259983170590805
k__Bacteria;p__Firmicutes;c__Bacilli;o__Lactobacillales;f__Streptococcaceae;g__Streptococcus,0.5906163041255822,0.6118813604660197,0.000336757029803,0.0005701790273155,0.000348881918943,-1.1532367360265445,0.26685948937876736,0.5273220224563194
k__Bacteria;p__Bacteroidetes;c__Bacteroidia;o__Bacteroidales;f__[Odoribacteraceae];g__Butyricimonas,inf,inf,0.00010514362619299998,0.0,0.004541427685515,1.1445380958314173,0.27033597353773337,0.5273220224563194
k__Bacteria;p__Firmicutes;c__Clostridia;o__Clostridiales;f__Lachnospiraceae;g__Coprococcus,1.8506808712234533,0.8481562194053068,0.0353883443988,0.0191217972526,0.016218271266,-1.150148566049875,0.2680898031893257,0.5273220224563194
k__Bacteria;p__Bacteroidetes;c__Bacteroidia;o__Bacteroidales;f__[Odoribacteraceae];g__Odoribacter,1.0682510226199455,1.74672382123131,0.00107246498717,0.0010039447325215,0.001753614179495,-1.1321463478448246,0.275347390994681,0.5305474119165804
k__Bacteria;p__Firmicutes;c__Clostridia;o__Clostridiales;f__Ruminococcaceae;Other,1.747310327409218,1.8997454186234186,0.00787873597671,0.0045090650774049995,0.008566075723074999,1.1112305841304202,0.28396402254756786,0.5405580188254906
k__Bacteria;p__Firmicutes;c__Clostridia,1.6250889418294705,1.205765349110196,0.5150443290919999,0.31693300953250003,0.3821468408835,1.0750999707537907,0.29931974963312874,0.5512009886967597
k__Bacteria;p__Firmicutes;c__Erysipelotrichi;o__Erysipelotrichales;f__Erysipelotrichaceae;g__Clostridium,0.6545831818425553,0.7679171030243555,0.00030997128687,0.000473539949495,0.0003636394261825,-1.0734834945181853,0.3000207913159578,0.5512009886967597
k__Bacteria;p__Firmicutes;c__Clostridia;o__Clostridiales,1.6250889418294705,1.2056706710533276,0.5150443290919999,0.31693300953250003,0.382116834282,1.0753258764710623,0.2992218737080721,0.5512009886967597
k__Bacteria;p__Firmicutes;c__Erysipelotrichi;o__Erysipelotrichales;f__Erysipelotrichaceae;g__Holdemania,2.309460668321435,1.1320293441758786,0.000183747530893,7.956296178300001e-05,9.00676074479e-05,1.058951512940075,0.30637731242823507,0.5564093719961051
k__Bacteria;p__Firmicutes;c__Clostridia;o__Clostridiales;f__Clostridiaceae;g__,inf,inf,4.20574504774e-05,0.0,0.000179290199322,0.9939405895995337,0.3360160504331534,0.5647929358344494
k__Bacteria;p__Firmicutes;c__Erysipelotrichi,0.9630184710818109,0.48190605241928963,0.00620147916762,0.00643962639746,0.003103294936255,-0.9991592618848602,0.3335639766506727,0.5647929358344494
k__Bacteria;p__Firmicutes;c__Erysipelotrichi;o__Erysipelotrichales;f__Erysipelotrichaceae,0.9630184710818109,0.48190605241928963,0.00620147916762,0.00643962639746,0.003103294936255,-0.9991592618848602,0.3335639766506727,0.5647929358344494
k__Bacteria;p__Firmicutes;c__Clostridia;o__Clostridiales;f__Ruminococcaceae;g__Clostridium,0.0,0.7119242876817743,0.0,8.78596448542e-05,6.25494150788e-05,1.0213082084536929,0.3232987766945973,0.5647929358344494
k__Bacteria;p__Bacteroidetes;c__Bacteroidia;o__Bacteroidales;f__Rikenellaceae;Other,0.14172230188977844,1.0670463068542453,0.00033645960381900006,0.00237407662261,0.0025332496923450003,-1.0302123753241674,0.31923661037041673,0.5647929358344494
k__Bacteria;p__Bacteroidetes;c__Bacteroidia;o__Bacteroidales;f__Rikenellaceae;g__,0.12011071666414189,2.207642957549337,0.000967321360979,0.008053580794824999,0.01777943092475,1.0271326720485499,0.3206374174787827,0.5647929358344494
k__Bacteria;p__Firmicutes;c__Erysipelotrichi;o__Erysipelotrichales,0.9630184710818109,0.48190605241928963,0.00620147916762,0.00643962639746,0.003103294936255,-0.9991592618848602,0.3335639766506727,0.5647929358344494
k__Bacteria;p__Firmicutes;c__Erysipelotrichi;o__Erysipelotrichales;f__Erysipelotrichaceae;g__Coprobacillus,0.0,0.0,0.0,2.895593319895e-05,0.0,0.9834036296930576,0.34100590764975813,0.5671466674595977
k__Bacteria;p__Firmicutes,1.601955527212533,1.196904985768683,0.521797050852,0.325725054153,0.3898619413055,0.9721421962787002,0.34639642163955064,0.5701107772817604
k__Bacteria;p__Firmicutes;c__Bacilli,1.615291559139457,0.8677789250239116,0.0016271302560599999,0.0010073291393455,0.0008741389976865,-0.9112773099729677,0.37656182626970347,0.6133687479444654
k__Bacteria;p__Firmicutes;c__Clostridia;o__Clostridiales;f__Ruminococcaceae;g__Faecalibacterium,3.022482574602817,1.3454022217130206,0.157954842078,0.0522599678176,0.07031067680844999,0.8404943796652796,0.4138287033132536,0.6671932155458579
k__Bacteria;p__Firmicutes;c__Clostridia;o__Clostridiales;f__Ruminococcaceae;g__Oscillospira,0.5249021916652241,1.2633006668268822,0.011000729640200001,0.020957675191450004,0.0264758450445,0.7985734652682295,0.4369997630512956,0.6718890838628231
k__Bacteria;p__Firmicutes;c__Bacilli;o__Turicibacterales;f__Turicibacteraceae;g__Turicibacter,1.308591080309781,1.0285385933849445,0.000299734520853,0.000229051325019,0.000235588127648,0.7981793254052527,0.43722146532205497,0.6718890838628231
k__Bacteria;p__Firmicutes;c__Bacilli;o__Turicibacterales,1.308591080309781,1.0285385933849445,0.000299734520853,0.000229051325019,0.000235588127648,0.7981793254052527,0.43722146532205497,0.6718890838628231
k__Bacteria;p__Firmicutes;c__Erysipelotrichi;o__Erysipelotrichales;f__Erysipelotrichaceae;g__[Eubacterium],0.0,0.3421201298366106,0.0,0.00013629495261099998,4.662924688335e-05,0.7967897901650215,0.43800364327766317,0.6718890838628231
k__Bacteria;p__Firmicutes;c__Bacilli;o__Turicibacterales;f__Turicibacteraceae,1.308591080309781,1.0285385933849445,0.000299734520853,0.000229051325019,0.000235588127648,0.7981793254052527,0.43722146532205497,0.6718890838628231
k__Bacteria;p__Firmicutes;c__Clostridia;o__Clostridiales;f__Lachnospiraceae,1.7646012677188254,0.7895573407297858,0.282307099426,0.15998350709050002,0.12631615241900002,-0.7884899219400902,0.442694142408366,0.6725545625050177
k__Bacteria;p__Actinobacteria;c__Coriobacteriia,0.553254392723661,2.4129562791232604,0.00034259984338300007,0.0006192446872340001,0.001494210356375,0.7473258219171226,0.46642140535719,0.6760970829948258
k__Bacteria;p__Actinobacteria;c__Coriobacteriia;o__Coriobacteriales,0.553254392723661,2.4129562791232604,0.00034259984338300007,0.0006192446872340001,0.001494210356375,0.7473258219171226,0.46642140535719,0.6760970829948258
k__Bacteria;p__Proteobacteria;c__Gammaproteobacteria;o__Enterobacteriales;f__Enterobacteriaceae;g__Shigella,1.2185893300228985,0.0,4.59368827231e-05,3.769677084095e-05,0.0,-0.7529567009472985,0.4631303817888748,0.6760970829948258
k__Bacteria;p__Firmicutes;c__Clostridia;o__Clostridiales;f__Lachnospiraceae;g__Roseburia,2.2679945289608154,0.6867790778342098,0.0741683139168,0.032702157333149996,0.022459157456449996,-0.7735378677849131,0.45122352278163813,0.6760970829948258
k__Bacteria;p__Actinobacteria;c__Coriobacteriia;o__Coriobacteriales;f__Coriobacteriaceae,0.553254392723661,2.4129562791232604,0.00034259984338300007,0.0006192446872340001,0.001494210356375,0.7473258219171226,0.46642140535719,0.6760970829948258
k__Bacteria;p__Firmicutes;c__Clostridia;o__Clostridiales;f__Lachnospiraceae;g__Lachnospira,4.663175491728327,1.5504516427058588,0.0216816758027,0.0046495517574150005,0.00720890516013,0.7174921860966845,0.4840951610388591,0.692049401186198
k__Bacteria;p__Bacteroidetes;c__Bacteroidia;o__Bacteroidales;Other;Other,0.5366011831310626,1.7431882260474327,0.000114199947794,0.0002128209019735,0.000370986890577,0.7067321343019065,0.49056666413198846,0.692049401186198
k__Bacteria;p__Bacteroidetes;c__Bacteroidia;o__Bacteroidales;Other,0.5366011831310626,1.7431882260474327,0.000114199947794,0.0002128209019735,0.000370986890577,0.7067321343019065,0.49056666413198846,0.692049401186198
k__Bacteria;p__Proteobacteria;c__Gammaproteobacteria;o__Enterobacteriales;f__Enterobacteriaceae;g__Escherichia,1.0229065150496086,1.8105962754709763,0.000505135544704,0.0004938237632395,0.0008941154664605,0.680681050858864,0.506445329025951,0.7081270972221261
k__Bacteria;p__Bacteroidetes;c__Bacteroidia;o__Bacteroidales;f__[Odoribacteraceae],0.6322481725917949,3.6488236302439994,0.0011776086133699999,0.00186257337612,0.00679620174785,0.6421016340917788,0.530498773777462,0.7300813602535949
k__Bacteria;p__Firmicutes;c__Clostridia;o__Clostridiales;f__Lachnospiraceae;g__Lachnobacterium,9.072677790584216,0.974782184841967,0.0007993996345599999,8.811066071249999e-05,8.58887023572e-05,0.6406940581178165,0.5313883318301482,0.7300813602535949
k__Bacteria;p__Firmicutes;c__Erysipelotrichi;o__Erysipelotrichales;f__Erysipelotrichaceae;g__,1.2692262621400947,0.4381395095729457,0.00560429969222,0.004415524528125001,0.0019346157512600002,-0.6251590066828316,0.5412612896950515,0.7372352049294667
k__Bacteria;p__Firmicutes;c__Clostridia;o__Clostridiales;f__Veillonellaceae;g__Phascolarctobacterium,3.5235478286065116,3.1353449475465376,0.0037095584360799998,0.0010527907145075,0.0033008620475549998,0.6031620802456154,0.5554119784701165,0.750043526481012
k__Bacteria;p__Bacteroidetes;c__Bacteroidia;o__Bacteroidales;f__Prevotellaceae,17.657191478532727,322.1418485758139,0.00094846664559,5.37156006233e-05,0.017304042882150004,-0.5840871378709525,0.5678424739261361,0.753942108238063
k__Bacteria;p__Bacteroidetes;c__Bacteroidia;o__Bacteroidales;f__Prevotellaceae;g__Prevotella,17.657191478532727,320.73441707876736,0.00094846664559,5.37156006233e-05,0.017228441853949998,-0.5851393555391741,0.5671529672704295,0.753942108238063
k__Bacteria;p__Firmicutes;c__Clostridia;o__Clostridiales;f__Veillonellaceae;g__Dialister,92.3323120240749,2.061450029770723,0.023443617854299995,0.00025390480689130003,0.0005234120717250001,-0.5670547008839147,0.5790648009336998,0.756134202872104
k__Bacteria;p__Actinobacteria;c__Actinobacteria;o__Actinomycetales;f__Actinomycetaceae,0.0,0.5378971260088476,0.0,4.175857023315e-05,2.246181491465e-05,-0.5708604483667113,0.5765473268237344,0.756134202872104
k__Bacteria;p__Firmicutes;c__Clostridia;o__Clostridiales;f__[Mogibacteriaceae];g__,1.182326120156712,1.6212193007357358,0.000556649824441,0.0004708090390215,0.0007632847010225,0.542251381848825,0.5956100640856078,0.7587456128289457
k__Bacteria;p__Firmicutes;c__Clostridia;o__Clostridiales;f__Veillonellaceae,4.806417425022674,0.9414468750518564,0.0303375664821,0.0063118875868250005,0.005942306844295,-0.5439095720073188,0.5944965643432936,0.7587456128289457
k__Bacteria;p__Firmicutes;c__Clostridia;Other,inf,inf,0.0,0.0,1.63206684946e-05,-0.5211396296188839,0.6098778027169374,0.7587456128289457
k__Bacteria;p__Firmicutes;c__Clostridia;Other;Other;Other,inf,inf,0.0,0.0,1.63206684946e-05,-0.5211396296188839,0.6098778027169374,0.7587456128289457
k__Bacteria;p__Firmicutes;c__Clostridia;Other;Other,inf,inf,0.0,0.0,1.63206684946e-05,-0.5211396296188839,0.6098778027169374,0.7587456128289457
k__Bacteria;p__Firmicutes;c__Clostridia;o__Clostridiales;f__Lachnospiraceae;g__Blautia,1.3063856648686534,1.1055288778401384,0.0256487111416,0.01963333786595,0.021705221979200003,-0.5442884853989393,0.5942422655840984,0.7587456128289457
k__Bacteria;p__Firmicutes;c__Clostridia;o__Clostridiales;f__Lachnospiraceae;g__Dorea,1.1226458987090964,1.2741354885779825,0.0031696449079,0.002823370139725,0.003597356092415,0.49552219417710436,0.6274122540812397,0.7744620011315303
k__Bacteria;p__Firmicutes;c__Clostridia;o__Clostridiales;f__Lachnospiraceae;g__Clostridium,2.6416991985701332,0.8488057078712071,0.019788030449599998,0.007490644832050001,0.00635810208908,-0.48522320440953437,0.6345283956442802,0.7771743140449323
k__Bacteria;p__Firmicutes;c__Clostridia;o__Clostridiales;f__[Mogibacteriaceae],1.182326120156712,1.6212193007357358,0.000556649824441,0.0004708090390215,0.0007632847010225,0.4595193484585199,0.6524506877107563,0.7900409895548747
k__Bacteria;p__Firmicutes;c__Clostridia;o__Clostridiales;f__Ruminococcaceae;g__Anaerotruncus,0.25610461682155083,0.3465842847332121,1.63142782563e-05,6.370161717025e-05,2.20779794233e-05,0.4558410220469306,0.6550339850106872,0.7900409895548747
k__Bacteria;p__Proteobacteria;c__Deltaproteobacteria;o__Desulfovibrionales;f__Desulfovibrionaceae;g__Bilophila,0.970264982533059,1.3105090068056207,0.00103115163356,0.001062752600705,0.00139274685523,-0.39289036812629546,0.6999275528083744,0.8377920707857814
k__Bacteria;p__Proteobacteria;c__Betaproteobacteria,3.265311462241727,1.5631290262420647,0.023853622944400004,0.00730516008051,0.01141890776319,0.351088685245333,0.7304043076561161,0.8676983504486191
k__Bacteria;p__Firmicutes;c__Clostridia;o__Clostridiales;f__Peptostreptococcaceae;Other,2.86075514622481,1.4956406646523122,0.00470017915481,0.00164298547571,0.002457315888905,0.3400715992723773,0.7385180203379309,0.8707899045775603
k__Bacteria;p__Proteobacteria;c__Betaproteobacteria;o__Burkholderiales,3.265311462241727,1.558899340801983,0.023853622944400004,0.00730516008051,0.01138800923396,0.3222759533843522,0.7516916204308108,0.8797576002079119
k__Bacteria;p__Proteobacteria;c__Betaproteobacteria;o__Burkholderiales;f__Alcaligenaceae,3.148210789224308,1.4725943735530094,0.022282090138599997,0.007077699566645,0.01042258055954,0.23390868010343413,0.8182182989030452,0.8906656273036142
k__Bacteria;p__Proteobacteria;c__Betaproteobacteria;o__Burkholderiales;f__Alcaligenaceae;g__Sutterella,3.1402807872411067,1.4648252739490735,0.022225963967,0.007077699566645,0.01036759320664,0.23025309967822746,0.8210057675482287,0.8906656273036142
k__Bacteria;p__Bacteroidetes;Other;Other;Other;Other,0.5161761777897762,1.2018548764436818,8.15713912816e-05,0.0001580301354295,0.00018992928889100002,0.23199491584883652,0.8196772770605092,0.8906656273036142
k__Bacteria;p__Firmicutes;c__Clostridia;o__Clostridiales;f__Peptostreptococcaceae;g__Clostridium,1.0798823029925115,1.304852214745415,0.00027734273035799996,0.0002568268130605,0.00033512103582800004,0.2888017926005619,0.7766859652569563,0.8906656273036142
k__Bacteria;p__Proteobacteria;c__Gammaproteobacteria,1.7455137012623174,1.1677567212220987,0.0022290448753,0.001277013680092,0.00149124130802,-0.2887468963893495,0.7767271738484807,0.8906656273036142
k__Bacteria;p__Firmicutes;c__Clostridia;o__Clostridiales;f__Clostridiaceae,1.6539157178199146,0.6879799394473874,0.00869230110474,0.005255588910055,0.0036157397401,-0.22101834933602604,0.8280585166164751,0.8906656273036142
k__Bacteria;p__Bacteroidetes;Other,0.5161761777897762,1.2018548764436818,8.15713912816e-05,0.0001580301354295,0.00018992928889100002,0.23199491584883652,0.8196772770605092,0.8906656273036142
k__Bacteria;p__Firmicutes;c__Clostridia;o__Clostridiales;f__Lachnospiraceae;g__[Ruminococcus],1.0117132210602242,0.9316562985146176,0.00788281167668,0.007791547557735,0.007259044357339999,-0.22023529751134738,0.8286572608457676,0.8906656273036142
k__Bacteria;p__Firmicutes;c__Clostridia;o__Clostridiales;f__Clostridiaceae;g__Clostridium,2.975214806335562,1.5626093933530742,0.0056610545549500004,0.0019027380957150001,0.002973236421455,0.2710985371570397,0.7900104141743192,0.8906656273036142
k__Bacteria;p__Bacteroidetes;Other;Other;Other,0.5161761777897762,1.2018548764436818,8.15713912816e-05,0.0001580301354295,0.00018992928889100002,0.23199491584883652,0.8196772770605092,0.8906656273036142
k__Bacteria;p__Firmicutes;c__Clostridia;o__Clostridiales;f__Ruminococcaceae;g__,0.708114467980789,0.636241316092859,0.0107032936745,0.0151152026381,0.009616916419475,-0.22760567275613733,0.8230260545769427,0.8906656273036142
k__Bacteria;p__Bacteroidetes;Other;Other,0.5161761777897762,1.2018548764436818,8.15713912816e-05,0.0001580301354295,0.00018992928889100002,0.23199491584883652,0.8196772770605092,0.8906656273036142
k__Bacteria;p__Actinobacteria;c__Coriobacteriia;o__Coriobacteriales;f__Coriobacteriaceae;g__Collinsella,0.4267570477699615,8.13599091214509,3.26285565127e-05,7.645698338949999e-05,0.000622053322027,0.15920190744264326,0.8756335960823822,0.9308537900965685
k__Bacteria;p__Firmicutes;c__Clostridia;o__Clostridiales;f__Ruminococcaceae;g__Ruminococcus,1.472940023675461,1.5148544298339106,0.028288958496500004,0.0192057775889,0.029093957258950004,0.15636490086400526,0.877830472939169,0.9308537900965685
k__Bacteria;p__Firmicutes;c__Clostridia;o__Clostridiales;f__Lachnospiraceae;g__,2.6709112825162435,0.8585988126860614,0.033267443327599996,0.012455465497999998,0.010694247888035,0.12201953755480331,0.9045032580102529,0.9527434317707998
k__Bacteria;p__Proteobacteria;c__Gammaproteobacteria;o__Enterobacteriales;f__Enterobacteriaceae;Other,0.5098407773955744,1.2448938176492585,5.42711386085e-05,0.000106447230223,0.0001325154988105,0.10369313102101838,0.9187865809558917,0.961379336364443
k__Bacteria;p__Firmicutes;c__Clostridia;o__Clostridiales;f__Christensenellaceae;g__,0.7061581986469406,1.6695544268569398,0.000275621296339,0.0003903109768705,0.0006516454192849999,-0.09402548920280845,0.9263333830995725,0.9628991745377135
k__Bacteria;p__Proteobacteria;c__Gammaproteobacteria;o__Enterobacteriales;f__Enterobacteriaceae;g__Klebsiella,0.0,0.0,0.0,9.5571229237e-06,0.0,-0.0710512246533454,0.9442956470641097,0.9688228067281126
k__Bacteria;p__Firmicutes;c__Clostridia;o__Clostridiales;f__Christensenellaceae,0.7061581986469406,1.855027111739996,0.000275621296339,0.0003903109768705,0.0007240374441045,-0.0776377154391282,0.9391424062363557,0.9688228067281126
k__Bacteria;p__Firmicutes;c__Clostridia;o__Clostridiales;f__Clostridiaceae;g__SMB53,5.690830511610955,1.3232926400635465,0.000954144917775,0.00016766356260799998,0.000221867958406,0.05409592556646421,0.9575726574154564,0.9761063217525298
k__Bacteria;p__Proteobacteria;c__Gammaproteobacteria;o__Enterobacteriales,2.3020292369742705,1.5728046049316429,0.00168240529686,0.0007308357643065,0.00114946185555,0.0032814884510961716,0.9974250001842053,0.9979642921719272
k__Bacteria;p__Tenericutes,inf,inf,0.0008809710258419999,0.0,0.0001262471411745,-0.0025942320038443017,0.9979642921719272,0.9979642921719272
k__Bacteria;p__Proteobacteria;c__Gammaproteobacteria;o__Enterobacteriales;f__Enterobacteriaceae,2.3020292369742705,1.5728046049316429,0.00168240529686,0.0007308357643065,0.00114946185555,0.0032814884510961716,0.9974250001842053,0.9979642921719272
